Systematic ID	Standard name	Old coordinates	New coordinates	Comments	Reference	Date
SPAC22F8.10c	sap145	complement(4804630..4806435)	complement(4804630..4806387)			2021-11-10
SPAC637.09	rex1	4555399..4557294	4555423..4557294			2021-11-10
SPAC25B8.08		4168212..4169984	4168263..4169984			2021-11-05
SPAPB18E9.01	trm5	join(3974310..3974485,3974541..3974629,3974674..3974775,3974879..3975132,3975193..3975429,3975485..3975832,3975882..3975962,3976014..3976079)	join(3974340..3974485,3974541..3974629,3974674..3974775,3974879..3975132,3975193..3975429,3975485..3975832,3975882..3975962,3976014..3976079)			2021-11-05
SPAC4H3.06		join(3837431..3837519,3837568..3837751,3837811..3837890,3837940..3838000)	join(3837449..3837519,3837568..3837751,3837811..3837890,3837940..3838000)			2021-11-04
SPAC1F12.09	gpi17	join(3818668..3818907,3818954..3819677,3819720..3820420)	join(3818803..3818907,3818954..3819677,3819720..3820420)			2021-11-04
SPAC1071.09c		complement(3870660..3871508)	complement(3870660..3871427)			2021-11-04
SPAC17H9.04c	dri1	complement(2009905..2011719)	complement(2009905..2011695)	remove MSKLPSPT		2021-11-04
SPAC589.02c	med13	complement(join(3095075..3098590,3098626..3098781,3098878..3098883))	complement(join(3095075..3098590,3098626..3098667))	truncated 40 AA		2021-11-03
SPAC2F3.04c	rim1	join(3127647..3127813,3127862..3128780)	join(3127689..3127813,3127862..3128780)	truncated 14 AA		2021-11-03
SPAC26A3.09c	rga2	complement(3348569..3352396)	complement(3348569..3352258)			2021-11-03
SPAC1B2.03c	elo2	complement(join(2811438..2812368,2812412..2812485))	complement(join(2811438..2812368,2812412..2812464))	remove MDLTGAH to get /score=2039.31		2021-11-03
SPAC23C11.17	mdm28	join(2167170..2167245,2167302..2168683)	join(2167206..2167245,2167302..2168683)	remove MKYPRTHIQFPS		2021-10-23
SPAC4G9.11c	cmb1	complement(2275578..2276249	complement(2275578..2276177)			2021-10-23
SPAC19A8.06	pbr1	(2475966..2477159)	complement(2475966..2477096)			2021-10-23
SPAC1002.01	mrx11	join(1798347..1798830,1798960..1799015)	1798347..1798835	remove final exon		2021-06-25
SPAC1002.12c		complement(1818695..1820338)	1818695..1820191			2021-06-25
SPAC17A5.02c	dbr1	complement(join(1754033..1754145,1754186..1754310,1754350..1755118,1755164..1755285,1755331..1755638))	complement(join(1754033..1754145,1754186..1754310,1754350..1755118,1755164..1755285,1755331..1755593))	trim to MRVGVQGC		2021-06-25
SPAC1002.17c	urg2		complement(1831012..1831581)	change MSTTTTVSAIRTVEE to MSNITISSHPV		2021-06-25
SPAC3H1.12c	snt2	complement(1961710..1965105)	complement(1961710..1965063)			2021-06-25
SPAC3H1.05	ste24	join(1938900..1939004,1939075..1940394)	join(1938990..1939004,1939075..1940394)	new start MGIL		2021-06-25
SPAC30D11.03	ddx27	complement(join(1116057..1116202,1116247..1116367,1116415..1118412))	complement(join(1116057..1116202,1116247..1116367,1116415..1118292))	trim to MET at AA41		2021-06-11
SPAC56F8.04c	ppt1	complement(join(1133226..1134283,1134332..1134356))	complement(1133226..1134302)			2021-06-11
SPAC56E4.04c	cut6	complement(join(1246095..1252807,1253430..1253559))	complement(join(1246095..1252807,1253430..1253460))	trim to MET at AA34		2021-06-11
SPAC630.14c	tup12	complement(join(374683..375830,376094..376446,376844..376931,376993..377200))	complement(join(374683..375830,376094..376446,376844..376931,376993..377116))			2021-06-11
SPAC4G8.07c	trm2	complement(join(774000..774023,774155..774403,774453..775290,775414..775513,775641..776013))	complement(join(774000..774023,774155..774403,774453..775290,775414..775513,775641..775863))			2021-06-11
SPAC2F7.08c	snf5	complement(546664..548562)	complement(546664..548460)			2021-06-11
SPAC23E2.02	lsd2	join(446491..446513,446679..449241,449295..450530)	join(446679..446770,446679..449241,449295..450530)			2021-06-11
SPAC227.11c	yos9	complement(join(514552..515082,515222..515482,515534..515674))				2021-06-11
SPAC1A6.10	tcd1	1090678..1092135	1090729..1092135	truncate at MAG (AA20)		2021-06-11
SPAC1565.08	cdc48	join(1306439..1306512,1306569..1308942)	join(1306457..1306512,1306569..1308942)			2021-06-11
SPAC57A7.12	ssz1	complement(join(1515089..1516663,1516789..1516914))	complement(join(1515089..1516663,1516789..1516866)			2021-06-11
SPAC167.04	pam17	complement(join(1554001..1554072,1554135..1554166,1554214..1554292,1554381..1554827))	complement(join(1554001..1554072,1554135..1554166,1554214..1554292,1554381..1554791))			2021-06-23
SPAC4F10.02	ape4	join(4832929..4833160,4833257..4834428)	join(4832911..4833160,4833257..4834428)		PMID:34169534	2021-07-27
SPAC22A12.08c	crd1	complement(join(1170196..1170461,1170504..1171270,1171362..1171856,1171900..1171956,1171999..1172126))	complement(join(1169939..1170029,1170169..1170260,1170307..1170461,1170504..1170724,1170801..1171270,1171362..1171856,1171900..1171956,1171999..1172126)) and complement(join(1169939..1170029,1170169..1170260,1170307..1170461,1170504..1171270,1171362..1171856,1171900..1171956,1171999..1172126))	Splicing of all introns produces only a mitochondrial hydrolase; retention of intron IV produces a tandem fusion with cardiolipin.	PMID:29958934	2021-04-23
SPAC2E12.05	wtf1	5064305..5066231	join(5064781..5064919,5065087..5065332,5065380..5065610,5065652..5065705,5065760..5065836)	pseudo->coding	PMID:28631610	2020-05-01
SPBC1706.02c	wtf2	complement(join(593188..593261,593311..593368,593437..593575)	complement(join(593185..593261,593393..593368,593437..593575)		PMID:28631610, PMID:30991417	2020-05-01
SPCC548.02c	wtf3	complement(join(219185..219261,219294..219368,219409..219684,219734..219979,220148..220283)	complement(join(219185..219261,219315..219368,219409..219684,219734..219979,220148..220286)		PMID:28631610, PMID:30991417	2020-05-01
SPCC548.03c	wtf4	complement(join(221199..221335,221395..221457,221498..221689,221726..222016,222065..222337,222566..222701))	complement(join(221199..221344,221395..221457,221498..221689,221726..222016,222065..222337,222566..222701))		PMID:28631610, PMID:30991417	2020-05-01
SPCC553.05c	wtf6	complement(join(297354..297655,297705..297950,298119..298194))	complement(join(297140..297216,297266..297307, 297349..297655,297705..297950,298119..298258))	introduces stop codon at position 25	PMID:28631610, PMID:30991417	2020-05-01
SPCC736.05	wtf7	join(320608..320755,320964..321335,321387..321523)	join(320617..320755,320964..321335,321387..321523)		PMID:28631610, PMID:30991417	2020-05-01
SPCC306.09c	wtf8	pseudo->coding; coordinates changed from join(427445..427583,427752..427997,428072..428290,428336..428527,428568..428630,428681..428763)	join(427445..427583,427752..427997,428047..428290,428336..428527,428568..428630,428681..428763)	introduces stop codon at position 138	PMID:28631610, PMID:30991417	2020-05-01
SPCC622.21	wtf12	join(1401530..1401668,1401900..1402172,1402490..1402551,1402553..1402672)	join(1401530..1401668,1401900..1402172,1402221..1402448,1402490..1402672)	introduces stop codon at position 274	PMID:30991417	2020-05-01
SPCC162.04c	wtf13	complement(join(1580123..1580613,1580650..1581006,1581055..1581327,1581559..1581694))	complement(join(1580123..1580268,1580319..1580381,1580422..1580613,1580650..1581006,1581055..1581327,1581559..1581694))		PMID:28631610, PMID:30991417	2020-05-01
SPCC285.06c	wtf17	complement(join(1805166..1805242,1805299..1805352,1805393..1805614,1805664..1805909,1806076..1806225,1806411..1806450))	complement(join(1805166..1805242,1805299..1805352,1805393..1805614,1805664..1805909,1806076..1806214))		PMID:28631610, PMID:30991417	2020-05-01
SPCC285.07c	wtf18	complement(join(1807004..1807131,1807182..1807244,1807285..1807476,1807513..1807726,1807760..1807836,1807885..1808157,1808396..1808534))	complement(join(1807004..1807131,1807182..1807244,1807285..1807476,1807513..1807836,1807885..1808157,1808396..1808534))		PMID:28631610, PMID:30991417	2020-05-01
SPCC576.16c	wtf22	complement(join(2109181..2109395,2109432..2109608,2109645..2109923,2109973..2110221,2110391..2110528))	complement(join(2109178..2110528,2109178..2109281,2109333..2109395,2109436..2109608,2109645..2109923,2109973..2110221,2110391..2110528))	introduces stop codon at position 50	PMID:28631610	2020-05-01
SPCC830.02	wtf24	join(2181204..2181342,2181510..2181758,2181808..2182031,2182077..2182371,2182422..2182504)	join(2181204..2181342,2181510..2181758,2181808..2182031,2182077..2182268,2182309..2182371,2182422..2182504)	introduces stop codon at position 145	PMID:28631610, PMID:30991417	2020-05-01
SPNCRNA.103	sme2	complement(339346..340012)	complement(339346..340907)		PMID:24920274	2019-11-08
SPBC577.05c	rec27	complement(join(757566..757746,757796..757951,758130..758197))	complement(join(757566..757746,757796..757951,758002..758042))		PMID:28469148	2017-09-14
SPSNORNA.41	snR46			Switched from + strand to - strand	pers. comm. Francois Bachand	2017-05-25
SPBC530.13	lsc1	join(824374..824534,824579..824660,824874..825011,825065..825188,825245..825747)	join(824374..824534,824579..824660,824874..824999,825065..825188,825245..825747)	Frameshifted by Chr_II:825012!G→A	PMID:26615217; pers. comm. Li-Lin Du	2017-04-17
SPAC3A11.06	mvp1	complement(join(3459233..3459436,3459492..3459665,3459705..3459897,3459941..3460185,3460234..3460364,3460425..3460442,3460508..3460560,3460642..3461263,3461323..3461583,3461766..3461859))	complement(join(3459233..3459436,3459492..3459665,3459705..3459897,3459941..3460185,3460234..3460318,3460318..3460372,3460425..3460442,3460508..3460560,3460642..3461263,3461323..3461583,3461766..3461859))	Frameshifted by Chr_I:3460318!T→T	PMID:26615217; pers. comm. Li-Lin Du	2017-04-06
SPAC12B10.09	pet801	join(4588250..4588510,4588567..4588723,4588869..4589323,4589410..4589574)	join(4588487..4588510,4588567..4588723,4588869..4589323,4589410..4589574)		PMID:26615217; pers. comm. Li-Lin Du	2017-04-04
SPBC16D10.10	tad2	join(3618117..3618179,3618228..3618617,3618658..3618702,3618747..3618918,3618956..3619071,3619113..3619321,3619366..3619540)	join(3618117..3618179,3618228..3618617,3618658..3618702,3618747..3618920,3618968..3619003,3619003..3619071,3619113..3619321,3619366..3619540)	Frameshifted by Chr_II:3619003!A→AG	PMID:26615217; pers. comm. Li-Lin Du	2017-04-04
SPBC13E7.01	cwf22	join(3037988..3040331,3040334..3040650)	join(3037988..3040332,3040332..3040650)	Frameshifted by Chr_II:3040332!C→CG	PMID:26615217; pers. comm. Li-Lin Du	2017-04-04
SPBC32F12.08c	duo1	complement(2798007..2798507)	complement(join(2797652..2798040,2798042..2798507))	Frameshifted by Chr_II:2798040!CT→C	PMID:26615217; pers. comm. Li-Lin Du	2017-04-04
SPBC4F6.10	vps901	join(2708076..2709415,2709418..2709793)	join(2708076..2709414,2709414..2709793)	Frameshifted by Chr_II:2709414!G→GC	PMID:26615217; pers. comm. Li-Lin Du	2017-04-04
SPBC14C8.09c		complement(join(2219430..2219934,2219937..2220322))	complement(join(2219430..2219928,2219928..2220322))	Frameshifted by Chr_II:2219928!A→AT	PMID:26615217; pers. comm. Li-Lin Du	2017-04-04
SPBC23G7.06c		complement(join(2106448..2108178,2108181..2108786))	complement(join(2106448..2108180,2108180..2108786))	Frameshifted by Chr_II:2108180!T→TA	PMID:26615217; pers. comm. Li-Lin Du	2017-04-04
SPBC29A3.08	pof4	join(2053033..2053517,2053519..2053600)	join(2053033..2053517,2053517..2053823)	Frameshifted by Chr_II:2053516!G→GC	PMID:26615217; pers. comm. Li-Lin Du	2017-04-04
SPBC1A4.06c	tam41	complement(join(1987044..1987099,1987102..1987675,1987737..1988015,1988081..1988353))	complement(join(1987044..1987100,1987102..1987117,1987119..1987675,1987737..1988015,1988081..1988353))	Frameshifted by Chr_II:1987101!CG→C and Chr_II:1987117!TG→T	PMID:26615217; pers. comm. Li-Lin Du	2017-04-04
SPBC1E8.03c		complement(1960384..1961817)	complement(join(1960166..1960392,1960392..1961817))	Frameshifted by Chr_II:1960392!A→AG	PMID:26615217; pers. comm. Li-Lin Du	2017-04-04
SPBC16E9.16c	lsd90	complement(join(1947985..1948953,1948955..1950050,1950053..1950255))	complement(join(1947985..1948952,1948954..1950048,1950048..1950255))	Frameshifted by Chr_II:1948953!GA→G and Chr_II:1950050!A→AG	PMID:26615217; pers. comm. Li-Lin Du	2017-04-04
SPAC29A4.03c	mrps9	join(5142407..5142628,5142631..5143224)	join(5142407..5142626,5142626..5143224)	Frameshifted by Chr_I:5142627!A→AG	PMID:26615217; pers. comm. Li-Lin Du	2017-04-04
SPAC29E6.04	nnf1	join(4409773..4410192, 4410194..4410391)	join(4409773..4410190,4410192..4410391)	Frameshifted by Chr_I:4410191!CG→C	PMID:26615217; pers. comm. Li-Lin Du	2017-04-04
SPAC29E6.03c	uso1	complement(join(4405990..4407375,4407447..4409096,4409171..4409338))	complement(join(4405990..4407494,4407494..4409096,4409171..4409338))	Frameshifted by Chr_I:4407494!T→TG	PMID:26615217; pers. comm. Li-Lin Du	2017-04-04
SPAC1071.01c	pta1	complement(3855780..3857792)	complement(join(3855626..3855790,3855792..3857792))	Frameshifted by Chr_I:3855790!GT→G	PMID:26615217; pers. comm. Li-Lin Du	2017-04-04
SPAC3A11.09	sod22	complement(join(3450114..3452269,3452485..3452608))	complement(join(3450056..3450130,3450132..3452269,3452485..3452608))	Frameshifted by Chr_I:3450130!GT→G	PMID:26615217; pers. comm. Li-Lin Du	2017-04-04
SPAC1486.05	nup189	join(3197028..3197529,3197529..3202450)	join(3197028..3197529,3197529..3202450)	Frameshifted by Chr_I:3197528!A→AG	PMID:26615217; pers. comm. Li-Lin Du	2017-04-04
SPAC688.08	srb8	join(3123163..3125057,3125099..3126310,3126356..3126653)	join(3123163..3125118,3125118..3126310,3126356..3126653)	Frameshifted by Chr_I:3125118!A→AT	PMID:26615217; pers. comm. Li-Lin Du	2017-04-04
SPAC823.04	rrp36	join(2587729..2587897,2587952..2588028,2588031..2588143,2588182..2588620)	join(2587729..2587897,2587952..2588025,2588025..2588066,2588066..2588620)	Frameshifted by Chr_I:2588066!C→CA and Chr_I:2588021!C→CA	PMID:26615217; pers. comm. Li-Lin Du	2017-04-04
SPAC22F3.11c	snu23		join(682874..682996,682998..683109,683160..683446)	Frameshifted by Chr_I:682993!TC->T	PMID:26615217 and pers. comm. Li-Lin Du	2017-04-04
SPAC17G8.01c	trl1	complement(join(2341346..2343706,2343754..2343756))	complement(join(2341346..2343703,2343703..2343756))	Frameshifted by Chr_I:2343703!G→GA	PMID:26615217; pers. comm. Li-Lin Du	2017-04-04
SPAP27G11.10c	nup184	complement(join(1625076..1629753,1629825..1629841))	complement(join(1624885..1625092,1625092..1629753,1629825..1629841))	Frameshifted by Chr_I:1625092!T→TC	PMID:26615217; pers. comm. Li-Lin Du	2017-04-04
SPAC3A12.04c	rpp1	complement(join(1424697..1425161,1425231..1425329,1425372..1425430,1425478..1425562))	complement(join(1424660..1424708,1424710..1425161,1425231..1425329,1425372..1425430,1425478..1425562))	Frameshifted by Chr_I:1424708!CA→C	PMID:26615217, pers. comm. Li-Lin Du	2017-04-04
SPBC21B10.12	rec6	complement(join(1649038..1649472,1649558..1649671))	complement(join(1649038..1649472,1649558..1649727,1649815..1649878,1650043..1650156))		PMID:26917764	2016-04-19
SPAC22F3.11c	snu23	complement(890220..890546)	join(682874..682996,682998..683109,683160..683446)	based on ribosome profiling	PMID:22365419, PMID:24929437	2016-03-17
SPAC29A4.23			join(5139024..5139190,5139192..5139424,5139427..5139575)	Frameshifted; intron/exon boundary changes; coordinates changed	PMID:26494834	2015-11-28
SPBC13G1.04c	abh1			N-terminal shortened to use downstream methionine	PMID:22365419	2015-10-13
SPAC1486.05	nup189	join(3197028..3197443,3197530..3202450)	join(3197028..3197528,3197528..3202450)		pers. comm. Y. Hiraoka	2015-04-14
SPCC320.09	hem15	complement(join(149153..150163,150279..150323,150374..150472))	complement(join(149153..150163,150279..150323,150374..150589))	based on ribosome profiling	PMID:24929437	2014-07-04
SPCC417.03		join(1672003..1672051,1672111..1672364)	join(1672003..1672051,1672243..1672332)	based on ribosome profiling	PMID:24929437	2014-07-04
SPCC162.07	ent1	complement(join(1571648..1573733,1574016..1574050))	complement(join(1571648..1573733,1574258..1574280))	based on ribosome profiling	PMID:24929437	2014-07-04
SPBC27B12.10c	tom7	complement(join(1344032..1344157,1344214..1344237))	complement(join(1343913..1343934,1343989..1344025,1344082..1344157,1344214..1344237))	based on ribosome profiling	PMID:24929437	2014-07-04
SPBC146.01	med15	join(996843..997019,997066..1000080)	join(996797..996870,996917..997019,997066..1000080)	based on ribosome profiling	PMID:24929437	2014-07-04
SPAC823.02		join(2583804..2583902,2583941..2583973)	join(2583863..2583902,2583941..2584047)	based on ribosome profiling	PMID:24929437	2014-07-04
SPBC839.02		join(597611..599124,599256..599334)	597611..599125	based on ribosome profiling	PMID:24929437	2014-07-04
SPAC1D4.08	pis1	join(650814..650893,651173..651848)	join(650488..650545,651193..651848)	based on ribosome profiling	PMID:24929437	2014-07-04
SPAC22F3.04	mug62	complement(join(698033..698177, 698223..698441, 698480..698841, 698884..699104, 699148..699363, 699410..702533))	complement(join(698033..698177, 698223..698441, 698480..698841, 698884..699104, 699148..699363, 699410..702557, 702603..702755))	based on ribosome profiling	PMID:24929437	2014-07-04
SPAC110.05		complement(1905657..1905884)	complement(1905728..1905820)	based on ribosome profiling	PMID:24929437	2014-07-04
SPSNRNA.07	snu32	3959174-3958768	3959086-3958832,	represents the actual functional RNA	PMID:1560765	2014-06-19
SPSNRNA.06	snu6	(2562559-2562374,2562323-2562085)	(2562276-2562323,2562374-2562427)	represents the actual functional RNA	PMID:2909894	2014-06-19
SPSNRNA.05	snu5	3236617-3237051	3236867-3236986	represents the actual functional RNA	PMID:2587274	2014-06-19
SPSNRNA.04	snu4	467025-467823	467233-4683361	represents the actual functional RNA	PMID:2795654	2014-06-19
SPSNRNA.03	snu3	988266-987631	987825-987570	represents the actual functional RNA	PMID:3194197	2014-06-19
SPSNRNA.02	snu2	959770-959305	959856-959370	represents the actual functional RNA	PMID:3244367	2014-06-19
SPSNRNA.01	snu1	3019819-3020472	3020205-3020353	represents the actual functional RNA	PMID:2188102	2014-06-19
SPNCRNA.98	srp7	4268566-4269064	4268662-4268916	represents the actual functional RNA	PMID:2837764, PMID:16453822	2014-06-12
SPAC5H10.06c	adh4			N-terminal shortened to use downstream methionine; removed 43 amino acids; UTR exon annotated	PMID:24003116	2014-01-07
SPBC3D6.04c	mad1			N-terminal shortened to use downstream methionine; removed 13 amino acids	pers. comm. Silke Hauf	2013-12-06
SPBC25B2.07c	mmb1			N-terminal shortened to use downstream methionine	PMID:21856157	2013-12-06
SPAC9G1.15c	mzt1			N-terminal shortened to use downstream methionine	PMID:23885124, PMID:24006493	2013-11-01
SPAC2F3.13c				removed N terminal region overlapping with plp1		2012-12-07
SPCC4B3.05c	hem12			N terminal extended by 4 amino acids based on homology		2012-01-05
SPCC1281.07c				N terminal extended by 24 amino acids		2012-01-05
SPBC29A3.06				N terminal extended		2012-01-05
SPAC1006.03c	red1			intron donor corrected		
SPAC22F3.11c	snu23			gene structure updated	PMID:21511999	2011-03-11
SPBC947.10	dsc1			N-terminal extended to use upstream methionine	pers. comm. E. Stewart	2011-02-04
SPACUNK4.14	mdb1				PMID:21270388	2011-02-03
SPAC18B11.05	gpi18				PMID:21270388	2011-02-03
SPAC18B11.05					PMID:21270388	2011-02-03
SPAC13F5.07c					PMID:21270388	2011-02-03
SPBC1709.12	rid1				PMID:21270388	2011-02-03
SPBC1711.10c	npl4				PMID:21270388	2011-02-03
SPAC3A11.03					PMID:21270388	2011-02-03
SPBC16H5.12c					PMID:21270388	2011-02-03
SPBC4F6.10	vps901				PMID:21270388	2011-02-03
SPBC13E7.01	cwf22				PMID:21270388	2011-02-03
SPCC1322.16	phb2				PMID:21270388	2011-02-03
SPCC4G3.12c	not2				PMID:21270388	2011-02-03
SPAC29A4.03c	mrps9				PMID:21270388	2011-02-03
SPBC25H2.11c	spt7				PMID:21270388	2011-02-03
SPBC651.06	mug166				PMID:21270388	2011-02-03
SPBP8B7.31					PMID:21270388	2011-02-03
SPBC29A10.17					PMID:21270388	2011-02-03
SPAPB17E12.14c					PMID:21270388	2011-02-03
SPAC688.04c	gst3				PMID:21270388	2011-02-03
SPAC29A4.03c	mrps9				PMID:21270388	2011-02-03
SPAC688.11	end4				PMID:21270388	2011-02-03
SPAC823.04					PMID:21270388	2011-02-03
SPCC622.17	apn1			added 2 5’ exons	PMID:21193357	2011-01-06
SPCC306.10				pseudo->coding	pers. comm. Val Wood	2010-10-21
SPBPB21E7.02c				pseudo->coding	pers. comm. Val Wood	2010-10-21
SPBC8D2.07c	sfc9				pers. comm. Val Wood	2010-10-21
SPBC3E7.04c				pseudo->coding	pers. comm. Val Wood	2010-10-21
SPBC1778.02	rap1				pers. comm. Yasushi Hiraoka	2010-10-21
SPBC1348.12				pseudo->coding	pers. comm. Val Wood	2010-10-21
SPBC12D12.09	rev7				pers. comm. Nicole Kosarek	2010-10-21
SPAC3H1.04c	mdm31				PMID:16823372	2010-10-21
SPAC22G7.04	ubp13		join(732880..732897, 732942..733040, 733085..733251, 733369..733495, 733536..734113, 734151..735457, 735495..736465)		pers. comm. James Iben	2010-10-20
SPAC27F1.09c	prp10			added intron to match fully spliced	PMID:9837997	2010-09-27
SPAC26H5.02c	nse2			second intron extended to 115 nt	pers. comm. Val Wood	2010-08-20
SPCC5E4.10c		651622..651905, 651973..651994	651622..651905, 651973..652045, 652115..652225, 652280..652371, 652419..652455		pers. comm. K. Gould	2010-03-19
SPAC458.04c		4737605..4738147, 4738189..4738283, 4738330..4738714	4737605..4738147, 4738189..4738283, 4738330..4738740, 4738779..4738854		pers. comm. Val Wood	2010-02-19
SPAC29B12.08				replaced exon 5428786..5428883 with 5429038.. 5429045	pers. comm. Val Wood	2009-12-14
SPNCRNA.445	snoR61			updated to extend 3’ and added splice and identified as snR6	pers. comm. J. Matthews	2008-08-08
SPBC2A9.07c				removed intron	pers. comm. Cathrine Arnason Boe	2009-09-10
SPBC800.02	whi5	253148..253231, 253310..253984	253148..253231, 253352..253984	increased intron by 42bp 	pers. comm. Rob de Bruin	2009-07-27
SPBC18H10.08c	ubp4	complement(1784219..1785535)	(join(1784219..1785748, 1785937..1786080, 1786141..1786248))	missing 2 N-terminal exons	pers. comm. I. Kouranti	2009-09-10
SPBC800.02	whi5	253148..253231, 253310..253984	253148..253231, 253352..253984	increased intron by 42bp 	pers. comm. Rob de Bruin	2009-07-27
SPBC16E9.16c	lsd90			gene structure revised to remove introns, genome sequence contains 2 frameshifts	PMID:18079165	2008-01-03
SPBP23A10.07	rpa2			truncated N-term to agree with orthologs; 2007960 -> 2008119	pers. comm. Val Wood	2009-03-30
SPCC548.04				final exon 223687..223852 to 223687..223796, 223853.223860	pers. comm. Marc Feuermann, Uniprot (SIB)	2009-02-23
SPCC1442.04c		complement(1774200..1775429)	complement(join(1773925..1774239, 1774236..1775429))	frameshifted	PMID:16823372	2009-02-02
SPAC1F8.07c		complement(101760..103544)	complement(join(101836..101872, 101872..103544))	frameshifted	PMID:16823372	2009-02-02
SPAC22F3.11c	snu23	join(682874..683034, 683102..683109, 683160..683446)	join(682874..682994, 682996..683109, 683160..683446)	frameshifted	PMID:16823372	2009-02-02
SPBC1A4.06c				frameshifted; C term exon changed from 1987076..1987675 to 1987044..1987675	PMID:16823372	2009-02-02
SPBC29A3.08				frameshifted; truncated to 2048336..2049892, 2049894..2049896	PMID:16823372	2009-02-02
SPBC13E7.01				frameshifted	PMID:16823372	2009-02-02
SPBC23G7.06c				frameshifted; now a single exon	PMID:16823372	2009-02-02
SPBC14C8.09c				merged with SPBC14C8.08c; frameshifted	PMID:16823372	2009-02-02
SPBC725.12	nbl1	join(1227762..1227876, 1227926..1228098)	join(1227762..1228094, 1228166..1228307)		pers. comm. Kathy Gould	2009-01-30
SPAC31G5.12c	maf1	complement(join(3008184..3008795, 3008914..3008957, 3009044..3009089))	complement(join(3008184..3008795, 3009160..3009258, 3009312..3009317))		PMID:15590667	2008-12-19
SPAPB1E7.14	iec5	join(3322106..3322331, 3322379..3322512)	join(3321979..3322018, 3322071..3322331, 3322379..3322512)		PMID:19040720	2008-12-18
SPCC962.05	ast1			intron position moved	pers comm. M. O’Connell	2008-12-06
SPAC27D7.12c	but1			extended N-terminal to use first MET as start	PMID:14623327	2008-11-11
SPBC11B10.10c	pht1			N terminal shortened to 2nd methionine; starting coordinate changed from 1503157 to 1503064	pers. comm. L Buchanan and F Stewart	2008-09-05
SPAC959.05c				merged with SPAC959.06c; splicing is tentative	pers. comm. Charley Chahwan	2008-08-15
SPBC18E5.14c				merged with SPBC18E5.09c	pers. comm. Charley Chahwan	2008-07-31
SPBC651.06	mug166			merged with SPBC651.07	pers. comm. Charley Chahwan	2008-07-26
SPBC31F10.08	mde2	3764820..3765449	join(3764820..3765437, 3765491..3765709)		pers. comm. Charley Chahwan	2008-07-18
SPBC2G2.09c	crs1			added new C-terminal exon, deleted exon 3452822..3452877, extended intron 2 by 4 nucleotides	pers. comm. Charley Chahwan	2008-07-09
SPCC338.08	ctp1	originally complement(1358962..1359819); then complement(join(1358885..1359082, 1359121..1359819))	complement(join(1358891..1359082, 1359127..1359819))	in accordance with paper	pers. comm. Paul Russell; PMID:18378696	2008-01-11; 2008-06-19
SPCC962.05		join(554521..554722, 554792..556200)	join(554521..554744, 554865..556200)		pers. comm. Matthew O’Connell	2008-05-02
SPAC6F6.16c				merged with SPAC6F6.18c and five introns added	PMID:18535244	2008-06-09
SPCC63.10c		complement(join(854651..855695, 855766..855800, 855839..855926, 855984..856213))	complement(join(854651..855926, 855984..856213))	Solexa intron data; deleted 2nd and 3rd introns, were not required or supported		2008-05-02
SPCC1827.02c		complement(join(2377039..2378078, 2378197..2378221))	complement(2377039..2378127)	Solexa intron data; deleted first exon, unsupported		2008-05-02
SPCC1450.14c		complement(join(1759295..1760998, 1761117..1761128))	complement(1759295..1760998)	Solexa intron data; deleted first exon, unsupported		2008-05-02
SPCC1393.06c		complement(join(804627..805627, 805678..805800, 805907..806009))	complement(join(804627..805627 , 805678..805800 , 805849..805921 , 805965..806009))	Solexa intron data; changed first intron and added a new 2nd exon, improved homology, also confirmed by transread data		2008-05-02
SPBP35G2.06c		complement(join(973049..974181, 974223..974577, 974617..975002, 975044..975137, 975172..976632))	complement(join(973049..974181, 974223..974577, 974647..975002, 975044..975137, 975172..976632))	Solexa intron data; changed donor for intron 3		2008-05-02
SPBC32H8.08c		complement(join(1465811..1466035, 1466138..1467057, 1467311..1467456, 1467514..1467539))	complement(join(1465811..1466035 , 1466138..1467057 , 1467311..1467431))	Solexa intron data; removed 5’ intron/exon (unsupported) and trimmed to next met		2008-05-02
SPBC21.03c		complement(join(3217985..3218424, 3218467..3218491, 3218693..3218947))	complement(join(3217985..3218424, 3218462..3218491, 3218580..3218651, 3218704..3218947))	Solexa intron data; changed 2 internal introns, now agrees with transread data, but still potential to be incorrect		2008-05-02
SPBC19G7.06		join(2359429..2359479 , 2359547..2359693 , 2359845..2359928 , 2360001..2361092)	join(2359429..2359479, 2359547..2359693, 2359845..2359928, 2360064..2361092)	Solexa intron data; altered 3rd intron branch acceptor to agree with published		2008-05-02
SPBC16C6.03c		complement(join(4332356..4332454, 4332746..4333123))	complement(4332698..4333123)	Solexa intron data; final exon, unsupported removed		2008-05-02
SPBC15D4.13c		complement(join(3032492..3032710, 3032761..3032822, 3032865..3033222))	complement(join(3032492..3032710, 3032761..3032822, 3032889..3033222))	Solexa intron data; better donor for first intron		2008-05-02
SPAPB17E12.03		join(1271889..1271972, 1272015..1272386, 1272483..1272962)	join(1271889..1271972, 1272015..1272962)	Solexa intron data; removed in-frame splice, unsupported, improved homology		2008-05-02
SPAC9G1.13c		complement(join(1995208..1996148, 1996325..1996413, 1996478..1996683))	complement(join(1995208..1996148, 1996191..1996268, 1996325..1996413, 1996478..1996683))	Solexa intron data; added a new 3rd exon, improved homology		2008-05-02
SPAC8C9.19		join(3660430..3660438, 3660491..3660556, 3660607..3660713, 3660784..3660886)	join(3660430..3660438, 3660491..3660556, 3660607..3660717)	Solexa intron data; deleted final exon, unsupported, improved length and alignment to orthologs		2008-05-02
SPAC6F12.08c		complement(join(1322439..1323955, 1323999..1324140, 1324195..1324234, 1324299..1324336))	complement(join(1322439..1323955, 1323999..1324140, 1324195..1324252, 1324299..1324336))	Solexa intron data; improved branch acceptor for intron 1		2008-05-02
SPAC589.02c		complement(join(3095075..3098590, 3098626..3098775, 3098878..3098883))	complement(join(3095075..3098590, 3098626..3098781, 3098878..3098883))	Solexa intron data; improved branch/acceptor for 1st intron		2008-05-02
SPAC3A12.05c		complement(join(1426213..1427148, 1427189..1429617, 1429709..1429836, 1429882..1429913))	complement(join(1426213..1427148, 1427189..1429617, 1429709..1429830, 1429882..1429913))	Solexa intron data; improved distance between branch and acceptor		2008-05-02
SPAC328.05		join(3484695..3484698, 3484752..3485065, 3485241..3485342, 3485382..3485528, 3485582..3485807, 3485910..3485974, 3486056..3486502)	join(3484695..3484698, 3484752..3485065, 3485241..3485342, 3485382..3485528, 3485582..3485974, 3486056..3486502)	Solexa intron data; removed in-frame splice (exon 5), unsupported		2008-05-02
SPAC2C4.06c		complement(join(4269367..4270554, 4270587..4270593, 4270638..4270674, 4270736..4270871))	complement(join(4269367..4270554, 4270631..4270674, 4270736..4270871))	Solexa intron data; replaced 2 internal exons with a different single exon		2008-05-02
SPAC26H5.04		join(4122149..4123354, 4123535..4124518)	4122149..4124518; removed unsupported in-frame splice	Solexa intron data		2008-05-02
SPAC23H3.04		join(2499035..2499164, 2499325..2499353, 2499443..2499824, 2499875..2500236)	join(2499035..2499164, 2499160..2499353, 2499443..2499824, 2499875..2500236)	Solexa intron data; changed 5’ 1st and 2nd exon, improved homology		2008-05-02
SPAC1B3.10c		complement(join(4945933..4945984, 4946094..4948084))	complement(4946090..4948084)	Solexa intron data; removed 3’ exon, unsupported		2008-05-02
SPAC1751.02c		complement(join(385755..385887, 385938..386043, 386107..386179, 386296..386310))	complement(join(385755..385887, 385938..386043, 386107..386149))	Solexa intron data; remove 5’ exon, trimmed to new Met, improved homology		2008-05-02
SPAC11D3.07c		complement(join(118195..119827, 119930..120108))	complement(118195..120108)	Solexa intron data; removed in-frame splice, not required or supported		2008-05-02
SPAC1142.01		join(3625447..3625460, 3625555..3627544)	3625574..3627544	Solexa intron data; removed 5’ exon and trimmed to new Met, improved homology		2008-05-02
SPAC1093.03		join(4613627..4613686, 4613723..4614081, 4614152..4614378, 4614438..4614954, 4614996..4616331)	join(4613627..4613686, 4613723..4614081, 4614164..4614378, 4614438..4614954, 4614996..4616331)	Solexa intron data; improved distance between branch and acceptor, intron 2		2008-05-02
SPBC16D10.10		join(3618117..3618179, 3618228..3618617, 3618658..3618702, 3618747..3618971, 3619077..3619321, 3619366..3619540)	join(3618117..3618179, 3618228..3618617, 3618658..3618702, 3618747..3618918, 3618956..3619071, 3619113..3619321, 3619366..3619540)	Solexa transread data; changed 2 introns (existing 4 and 5) to create a new exon 5, improved homology		2008-05-02
SPAPB18E9.01		join(3974310..3974485, 3974541..3974629, 3974674..3974775, 3974879..3975132, 3975193..3975429, 3975485..3975832, 3975882..3975983)	join(3974310..3974485, 3974541..3974629, 3974674..3974775, 3974879..3975132, 3975193..3975429, 3975485..3975832, 3975882..3975962, 3976014..3976079)	Solexa transread data; added small 3’ exon, improved homology		2008-05-02
SPAC15A10.12c		complement(3709451..3709804)	complement(join(3709206..3709346, 3709499..3709804))	Solexa transread data		2008-05-02
SPCC1620.10	cwf26	2163205..2164118	join(2163205..2164118, 2164159..2164165)	Solexa transread data; added 3’ exon encoding single methionine		2008-05-02
SPCC1620.09c	tfg1	complement(join(2161527..2162363, 2162405..2162500, 2162584..2163123))	complement(join(2161331..2161515, 2161565..2162363, 2162405..2162500, 2162584..2163123))	Solexa transread data; added 5’ exon, improved homology		2008-05-02
SPCC1442.08c	cox17	complement(join(1781505..1781563, 1781637..1781744, 1781830..1781914))	complement(join(1781505..1781563, 1781637..1781744, 1781830..1781855, 1781920..1781935, 1781981..1782032))	Solexa transread data; added 2 small 5’ exons, improved homology		2008-05-02
SPCC1020.11c		join(757365..757424, 757506..757802)	join(757365..757424, 757506..757761, 757851..757861)	Solexa transread data; added 3’intron/exon		2008-05-02
SPCC16C4.16c		complement(join(697862..698127 , 698180..698399))	complement(join(697605..697752, 697875..698127, 698180..698399))	Solexa transread data; added 3’ intron/exon, improved homology		2008-05-02
SPCC16C4.01	sif2	join(658832..659139, 659223..659488, 659567..659628, 659709..660413)	join(658832..659139, 659223..659488, 659567..659628, 659709..660197, 660298..660322)	Solexa transread data; added 3’ intron which changed frame of final exon, shorter product, improved homology		2008-05-02
SPCC736.12c	mmi1	complement(join(338026..338178, 338232..338347, 338395..339354, 339483..339567))	complement(join(337829..337985, 338030..338178, 338232..338347, 338395..339354, 339483..339567)	Solexa transread data; added 3’ exon, improved homology		2008-05-02
SPBPB2B2.18		join(4502439..4502463, 4502712..4502857, 4503068..4503286, 4503527..4503664)	join(4502692..4502725, 4502787..4502857, 4503068..4503286, 4503527..4503664)	Solexa transread data; changed 5’ intron/exon		2008-05-02
SPBC21C3.07c		complement(join(3807920..3808607, 3808665..3808795)	complement(join(3807714..3807783, 3807831..3807891, 3807946..3808607, 3808665..3808795))	Solexa transread data; added two 3’ exons		2008-05-02
SPBC31F10.12		join(3773353..3773525, 3773581..3773678, 3773795..3773999, 3774059..3774116, 3774192..3774212)	join(3773308..3773318, 3773373..3773525, 3773581..3773678, 3773795..3773999, 3774059..3774116, 3774192..3774212)	Solexa transread data; added new 5’ intron and exon		2008-05-02
SPBC13G1.04c		complement(3732941..3733762)	complement(join(3732806..3732930, 3732994..3733762))	Solexa transread data; added new 3’ intron and exon, improved homology		2008-05-02
SPBC16D10.02	trm11	join(3588806..3589595, 3589639..3589803, 3589845..3590123, 3590163..3590287)	join(3588806..3589595, 3589639..3589803, 3589845..3590123, 3590163..3590278, 3590327..3590386)	Solexa transread data; added new 3’ intron/exon		2008-05-02
SPBC2D10.16		join(2996452..2996463, 2996509..2996904)	join(2996452..2996463, 2996509..2996687, 2996738..2996879)	Solexa transread data; added new intron in second exon, which created a new 3rd exon, and identified homology with Cenp-S (was previously sequence orphan)		2008-05-02
SPBC2D10.15c		complement(join(2995324..2995579, 2995619..2995923, 2995971..2996066))	complement(join(2995324..2995497, 2995534..2995579, 2995619..2995923, 2995971..2996066)); altered first intron, added in-frame intron, improved homology	Solexa transread data		2008-05-02
SPBC2A9.07c		complement(2959078..2959902)	complement(join(2959078..2959129, 2959172..2959902))	Solexa transread data; added in-frame intron, improved homology		2008-05-02
SPBP4H10.12		join(2895855..2895863, 2896001..2896507)	join(2895855..2895863, 2896001..2896459, 2896516..2896587)	Solexa transread data; added new 3’ intron/exon, improved homology		2008-05-02
SPBC4.02c		complement(join(2369064..2369160, 2369246..2369416, 2369455..2371243, 2371351..2371451, 2371507..2371583))	complement(join(2369064..2369190, 2369246..2369416, 2369455..2371243, 2371351..2371451, 2371507..2371583))	Solexa transread data; changed accceptor for final intron, improved homology		2008-05-02
SPBC8D2.17		1390183..1391238	join(1390183..1391093, 1391147..1391222)	Solexa transread data; added new 3’ intron/exon		2008-05-02
SPBC4.02c		complement(join(1185617..1186640, 1186738..1186846, 1187087..1187324))	complement(join(1185617..1186640, 1186738..1186846, 1187087..1187162, 1187220..1187324))	Solexa transread data; added in-frame splice to first (existing) exon, improved homology		2008-05-02
SPBPJ4664.05		706175..706666	join(705932..706077, 706141..706666)	Solexa transread data; added new 5’ intron and exon, improved homology		2008-05-02
SPBC947.03c		676629..676931	join(676629..676908, 677057..677127)	Solexa transread data; added 5’ inton/exon, improved homology		2008-05-02
SPBC582.04c		complement(join(423269..423598, 423669..423738, 423782..423871, 423912..424373, 424424..424872, 424921..425160, 425223..425350, 425410..425446))	complement(join(423269..423598, 423669..423738, 423782..423871, 423912..424373, 424424..424692, 424747..424872, 424921..425160, 425223..425350, 425410..425446))	Solexa transread data; added in-frame intron to (existing) exon 3		2008-05-02
SPBC106.05c	tim11	complement(join(383527..383612, 383703..383874, 383980..384012))	complement(join(383527..383612, 383703..383874, 383940..383960))	Solexa transread data; changed 5’ exon		2008-05-02
SPAC22E12.10c	etp1	complement(5037208..5039103)	complement(join(5037208..5037446, 5037492..5039103))	Solexa transread data; added in-frame splice		2008-05-02
SPAC890.07c	rmt1	complement(join(5016072..5016215, 5016262..5016596, 5016649..5016943, 5016994..5017059, 5017138..5017252, 5017421..5017433, 5017700..5017703, 5017782..5017829))	complement(join(5016020..5016026, 5016076..5016215, 5016262..5016596, 5016649..5016943, 5016994..5017059, 5017138..5017252, 5017421..5017433, 5017700..5017703, 5017782..5017829)	Solexa transread data; added small N terminal exon, which added a single conserved cysteine		2008-05-02
SPAC4F10.08	mug126	join(4844855..4845824, 4845863..4846203)	join(4844855..4845824, 4845863..4846063, 4846104..4846129)	Solexa transread data; added new 3’ intron/exon		2008-05-02
SPAC144.17c		complement(join(4687483..4688462, 4688513..4688831))	complement(join(4687388..4687477, 4687522..4688462, 4688513..4688831))	Solexa transread data; added 3’ intron and exon, improved homology		2008-05-02
SPAC30C2.05	erv14	complement(join(4687483..4688462, 4688513..4688831))	complement(join(4687388..4687477, 4687522..4688462, 4688513..4688831))	Solexa transread data; added new 5’ intron/exon, improved homology		2008-05-02
SPAC30.03c	tsn1	join(4394707..4394741, 4394799..4394967, 4395010..4395092, 4395131..4395491, 4395530..4395592)	complement(join(4394707..4394741, 4394799..4394967, 4395010..4395092, 4395131..4395367, 4395416..4395491, 439 5530..4395592))	Solexa transread data; added in-frame intron to (previous) 2nd exon, improved homology		2008-05-02
SPAC2C4.11c	rpb28	complement(4278729..4279505)	complement(join(4278729..4279405, 4279457..4279505))	Solexa transread data; added small N term in-frame intron		2008-05-02
SPAC2F3.18c		3942398..3942730	3942299..3942364, 3942506..3942730	Solexa transread data; added small N term in-frame intron		2008-05-02
SPAC1F12.08		join(3817464..3817803, 3817851..3817991, 3818035..3818543)	join(3817464..3817803, 3817851..3817991, 3818035..3818130, 3818170..3818543)	Solexa transread data; added new intron, in-frame splice in final exon, improved homology		2008-05-02
SPAC1556.03	azr1	join(3799244..3799680, 3799731..3800160)	join(3799244..3799680, 3799731..3800135, 3800184..3800241)	Solexa transread data; added new 5’ intron and exon/improved homology		2008-05-02
SPAC1556.01c	rad50	complement(join(3791855..3792229, 3792267..3795557, 3795601..3795684, 3795734..3795856))	complement(join(3791831..3791851, 3791891..3792229, 3792267..3795557, 3795601..3795684, 3795734..3795856))	Solexa transread data; added small 3’ intron and exon		2008-05-02
SPAC15A10.10		join(3697508..3697752, 3697795..3698368, 3698421..3698527, 3698570..3699538, 3699582..3699837)	join(3697508..3697752, 3697795..3698368, 3698421..3698527, 3698570..3699310, 3699359..3699538, 3699582..3699837)	Solexa transread data; added in-frame intron		2008-05-02
SPAC16E8.12c		complement(join(3523136..3523644, 3524027..3524030))	complement(join(3523136..3523644, 3523925..3523996, 3524044..3524098))	Solexa transread data; added 2 5’ exons		2008-05-02
SPAPB2B4.06		join(2722735..2723210, 2723273..2723300, 2723349..2723582)	join(2722735..2723210, 2723273..2723300, 2723349..2723559, 2723608..2723660)	Solexa transread data; added new 3’ intron/exon, improved homology		2008-05-02
SPAC823.09c		complement(join(2594922..2595693, 2595734..2595819))	complement(join(2594777..2594913, 2594966..2595693, 2595734..2595819))	Solexa transread data; added new 3’ intron/exon		2008-05-02
SPAC823.04		2587729..2587897, 2588085..2588620	join(2587729..2587897, 2588106..2588620); altered to use valid acceptor	Solexa transread data		2008-05-02
SPAPB1A10.16		1863972..1864388	join(1863972..1864360, 1864415..1864457); added new 3’ intron/exon	Solexa transread data		2008-05-02
SPAC17A5.02c	dbr1	complement(join(1754109..1754310, 1754350..1755118, 1755164..1755285, 1755331..1755638))	complement(join(1754033..1754145, 1754186..1754310, 1754350..1755118, 1755164..1755285, 1755331..1755638)); added new 5’intron/exon, now agrees with published date	Solexa transread data		2008-05-02
SPAC9.06c		complement(join(1473692..1473885, 1473939..1474105, 1474153..1474212, 1474264..1474341, 1474460..1474539))	complement(join(1473692..1473885, 1473939..1474105, 1474153..1474212, 1474264..1474341, 1474381..1474404, 1474460..1474539)); added new exon (2nd) improved homology	Solexa transread data		2008-05-02
SPAPB17E12.08		join(1279573..1279644, 1279820..1279869, 1279953..1280325)	join(1279573..1279779, 1279820..1279869, 1279953..1280325)	Solexa transread data; changed first donor to make n-terminal exon longer, improved homology		2008-05-02
SPAC56F8.04c	coq2	complement(1133226..1134302)	complement(join(1133226..1134283, 1134332..1134356))	Solexa transread data; added 5’ intron/exon		2008-05-02
SPAC1A6.03c		complement(1070139..1072013)	complement(join(1070061..1070138, 1070205..1072013))	Solexa transread data; new 3’ intron/exon, improved homology		2008-05-02
SPAC23C4.04c		1036033..1036347	join(1036033..1036342, 1036397..1036455)	Solexa transread data; added intron		2008-05-02
SPAC24H6.01c		join(490016..490262, 490338..490771, 490812..490931, 490979..491149, 491186..491980)	join(490016..490262, 490338..490771, 490812..490931, 490979..491149, 491186..491858, 491905..492011)	Solexa transread data; added new 3’ intron/exon, improved homology		2008-05-02
SPAC630.11	vps55	join(366801..366817, 366873..366891, 366968..367040, 367123..367189, 367293..367348, 367395..367531)	join(366801..366817, 366873..366891, 366968..367040, 367105..367189, 367293..367348, 367395..367531)	Solexa transread data; changed internal intron acceptor, improved homology		2008-05-02
SPAC1639.01c		complement(join(251726..252337, 252392..252752, 253590..253630))	complement(join(251726..251745, 251863..252337, 252392..252752, 253590..253630))	Solexa transread data; added new 3’ intron/exon		2008-05-02
SPAC13G6.04	tim8	join(180423..180528, 180586..180776)	join(180423..180528, 180586..180721, 180890..180911); added new 3’ intron/exon, improved homology	Solexa transread data		2008-05-02
SPBC16C6.02c		complement(join(4322221..4322742, 4322970..4331555, 4331641..4331793, 4331856..4331968, 4332007..4332028))	complement(join(4322829..4331555, 4331641..4331793, 4331856..4331968, 4332007..4332028))	also adds new gene SPBC16C6.14, complement(4322221..4322622)	PMID:18367542	2008-04-02
SPBC16E9.16c		1947985..1949069, 1949218..1950058, 1950253..1950255	1947985..1948953, 1948955..1950050, 1950053..1950255	CDS has 2 frameshifts	PMID:18079165	2007-01-03
SPBC16D10.10		3618117..3618179, 3618228..3618617, 3618658..3618702, 3618747..3618920, 3619065..3619321, 3619366..3619540	3618117..3618179, 3618228..3618617, 3618658..3618702, 3618747..3618971, 3619077..3619321, 3619366..3619540	Solexa intron data; exon 4 splice altered		2007-12-07
SPBC19G7.06		2359429..2359479, 2359547..2359693, 2359845..2359928, 2360064..2361092	2359429..2359479, 2359547..2359693, 2359845..2359928, 2360001..2361092	Christopher J. McInerny		2007-12-07
SPAC806.09c		251726..252337, 252392..252752, 252945..252958	251726..252337, 252392..252752, 253590..253630	Solexa transcript data		2007-12-07
SPAC29E6.03c		4405871..4405889, 4405994..4407291, 4407447..4409096, 4409171..4409338	4405990..4407375, 4407447..4409096, 4409171..4409338	Solexa intron data; changed internal splice site, better intron, slightly improved homology; deleted final small exon, unsupported		2007-12-03
SPAC688.08		3123163..3125057, 3125099..3126310, 3126356..3126631, 3126671..3126989	3123163..3125057, 3125099..3126310, 3126356..3126653	Solexa intron data; removed final exon, not supported by data		2007-12-03
SPAC823.04		2587859..2587901, 2588085..2588620	2587729..2587897, 2588085..2588620	Solexa intron data; changed first intron acceptor, which gave a different N-term exon and improved homology		2007-12-03
SPCC622.14		1427098..1427310, 1427632..1427709, 1427788..1428180, 1428277..1428522	1427098..1427310, 1427632..1427709, 1427788..1428216, 1428277..1428522	Solexa intron data; altered donor for intron 3, improved donor consensus		2007-12-03
SPCC1442.13c		1791196..1791285, 1791376..1791909	1791346..1791909	Solexa intron data; deleted final exon, improved homology		2007-12-03
SPCC1494.02		2317988..2318068, 2318200..2318244, 2318398..2318508, 2318579..2318676, 2318903..2318966	2318335..2318508, 2318579..2318676, 2318903..2318966	Solexa intron data; 2 C-terminal exons removed, not supported by homology		2007-12-03
SPAPB1A10.03				Solexa intron data; SPAPB1A10.03 split to create SPAPB1A10.03 and SPAPB1A10.16; new coordinates 1863363..1863381, 1863434..1863762 and 1863972..1864388		2007-12-03
SPBC11B10.03		1490376..1490423, 1490593..1491747	1490611..1491747	Solexa intron data; removed N-teminal exon, poor donor, did not improve homology		2007-12-03
SPBC16H5.04		2293393..2293824, 2293938..2294039, 2294087..2294125	2293393..2293775, 2293877..2294039, 2294087..2294125	Solexa intron data; altered intron 2 donor and acceptor, improved homology		2007-12-03
SPAC4C5.01		1192545..1192592, 1192662..1192704, 1192779..1192841, 1192916..1193010, 1193062..1193175, 1193236..1193613	1192545..1192592, 1192662..1192704, 1192779..1192841, 1192916..1193010, 1193062..1193145, 1193197..1193613	Solexa intron data` altered intron 5 to improve donor and acceptor, improved homology		2007-12-03
SPAC23D3.08	usp108	4352514..4353359, 4353410..4353573, 4353623..4353761	4352514..4353359, 4353410..4353577	Solexa intron data; removed final exon, not supported by data		2007-12-02
SPBC16A3.14		4270907..4270939, 4271137..4271937	4271131..4271937	Solexa intron data; removed final exon, unsupported by data		2007-12-02
SPBC1604.17c		3900047..3900121, 3900166..3901146, 3901219..3901542	3900047..3900121, 3900166..3901170, 3901219..3901542	Solexa intron data; updated, better donor (GTAATA instead of GTTAGT); original intron prediction not supported by Solexa data		2007-12-02
SPBC29A3.07c		2050069..2050183, 2050304..2050358, 2050452..2050695	2050258..2050358, 2050452..2050695	Solexa intron data; final exon deleted, not supported by Solexa intron data; homology improved		2007-12-02
SPBC21C3.07c		3807714..3807783, 3807963..3808607, 3808665..3808795	3807920..3808607, 3808665..3808795	Solexa intron data; removed final exon, not supported by data		2007-12-02
SPBC21B10.02		1669624..1669695, 1669737..1670144	1669719..1670144	Solexa intron data; intron unsupported by Solexa transcript data, removed final exon		2007-12-02
SPAC227.11c		514434..514489, 514557..515082, 515222..515482, 515534..515659	514552..515082, 515222..515482, 515534..515659	Solexa intron data; removed final exon,  not supported by data		2007-12-02
SPCC736.05	wtf7	320617..320755, 320964..321335, 321387..321509, 321554..321582	320617..320755, 320964..321335, 321387..321523	Solexa intron data; removed final exon,  not supported by data		2007-12-02
SPCC1450.09c		1741451..1741481, 1741589..1743459	1741588..1743459	Solexa intron data; original intron absent from Solexa data; C terminal exon unsupported so exon deleted		2007-12-02
SPAC56F8.05c		1134697..1135061, 1135195..1135402, 1135517..1135684, 1135729..1135776, 1135932..1135970, 1136111..1136170	1134697..1135061, 1135195..1135402, 1135517..1135684, 1135729..1135776, 1135932..1136003	Solexa intron data; revised intron structure/original intron absent from Solexa data. N terminal exon unsupported and had no branch site so exon deleted		2007-12-02
SPAPB1A10.15		1892554..1892640, 1892926..1893060, 1893098..1893504, 1893585..1893618	1892554..1892640, 1892926..1893060, 1893098..1893694	Solexa intron data; revised intron structure/original intron absent from Solexa data so small C-term exon deleted		2007-12-02
SPAPB17E12.08		1279492..1279506, 1279582..1279644, 1279820..1279869, 1279953..1280325	1279573..1279644, 1279820..1279869, 1279953..1280325	Solexa intron data; revised intron structure/original intron absent from Solexa data so small N-term exon deleted		2007-12-02
SPAC17C9.08		4484758..4484804, 4484843..4485274, 4485350..4485596, 4485713..4485994	4484835..4485274, 4485350..4485596, 4485713..4485994	Solexa intron data; revised intron structure/original intron absent from Solexa data and unsupported from mRNA data so final exon deleted		2007-12-02
SPAC16A10.06c		3089583..3089996, 3090112..3090285, 3090533..3090697	3089583..3090047, 3090112..3090285, 3090533..3090697	Solexa intron data; revised intron structure/original intron absent from Solexa data		2007-12-02
SPCC18.18c		1988631..1990079	1988631..1990100, 1990630..1990722	Solexa transcript data		2007-11-29
SPAC631.02		2107940..2110123	2107470..2107515, 2107860..2110123	Solexa transcript data		2007-11-28
SPBC354.07c		558335..559225, 559273..559474, 559942..560028, 560151..560170	558335..559225, 559273..559474, 559942..560028, 560151..560163, 560231..560246	Solexa transcript data; additional exon added		2007-11-28
SPAC6G9.16c		3278951..3279349	join(3278951..3279367, 3279420..3279539, 3279683..3279819, 3279865..3279985)	Solexa transcript data		2007-11-22
SPBPB2B2.07c		4474434..4474931	join(4474145..4474403, 4474438..4474931)	Solexa transcript data		2007-11-22
SPCC1529.01		join(237554..237923, 237975..238080, 238139..238533, 238588..239105)	join(237554..237923, 237975..238080, 238139..238533, 238588..239092, 239151..239250)	Solexa transcript data; new exon added		2007-10-12
SPCC1020.11c		757494..757802	join(757365..757424, 757506..757802)	Solexa transcript data		2007-10-12
SPAC22F8.07c	rtf1			Two in-frame splices added	EMBL:AJ627891	2007-08-28
SPAC9E9.02				altered to include stop codon	pers. comm. Val Wood	2007-07-19
SPBC409.12	stn1			N-terminal extended by 2 exons	pers. comm. C. Chahwan	2007-07-06
SPAC23C4.04c				altered to include stop codon and trimmed to methionine	pers. comm. Val Wood	2007-06-19
SPAC29E6.04	nnf1			Sequence frameshifted at 4410192, new coordinates give an N terminal extension from 4410194..4410391 (NOTE: Still needs resequencing and underlying sequence changing)	PMID:17035632	2007-05-16
SPAC13G7.07				changed second exon 3’ boundary and added C-terminal exons	PMID:17310250	2007-03-23
SPNCRNA.82	mrp1	1234705..1234837	1234451..1234849	upon realisation that this corresponded to RNase MRP	pers. comm. Val Wood	2007-02-07
SPAC23D3.08	usp108			final exon removed	pers. comm. Val Wood	2007-02-05
SPBP22H7.09c	mis15			updated sequence coordinates	PMID:15369671	2007-01-05
SPCC1223.10c	eaf1			Added exons	PMID:17150956	2006-12-14
SPAPB17E12.08		join(9968..9990, 10070..10442)	join(9609..9623, 9699..9761, 9937..9986, 10070..10442)	Improved homology	pers. comm. Val Wood	2006-12-12
SPBC30B4.08	eri1			gene structure updated	PMID:16797182	2006-09-22
SPAC12D12.09	rev7			truncated penultimate exon to remove GIN	pers. comm. Nicole Kosarek	2006-08-01
SPAC12D12.09	rev7			added new exon to insert KCIDIFGEF	pers. comm. Nicole Kosarek	2006-08-01
SPCC4B3.05c	hem12	join(28064..28097, 28155..28189, 28238..28816, 28866..29330)	join(28064..28097, 28155..28189, 28236..28260, 28308..28816, 28866..29330)	Improves Homology	pers. comm. Val Wood	2006-06-12
SPCPJ732.03	meu15			new coordinates as per publication	PMID:11376151	2006-06-12
SPAC21E11.05c	cyp8			Single base insertion allowed first 2 exons to be merged and extended (GAGT[G]GCA)	pers. comm. Trevor Pemberton (via Ivo Pedruzzi, UniProt)	2006-05-22
SPAC6G9.13c	bqt1			Additional C terminal exon	PMID:16615890	2006-05-03
SPBCPT2R1.08c	tlh2			truncated to 1919 a.a.; removed truncated version of a malate transporter fused to gene, not known whether these residues are included in translation	pers. comm. Liew Li Phing	2006-04-13
SPAC1D4.11c	lkh1			lengthened to 690 a.a.	PMID:12565823	2006-04-12
SPCC4G3.05c	mus81			added N terminal exon	pers. comm. Fred Kippert	2006-02-17
SPBC3B9.22c	dad4			added new C-terminal exon based on Pfam protein family	Pfam	2006-02-01
SPAC9.05	fml1			second intron acceptor extended by 15 bp	pers. comm. Anke Schürer	2006-01-19
SPAC31G5.06				added N-teminal exon to extend prediction	pers. comm. Val Wood	2005-11-01
SPAC17H9.20	psc3			added intron at 37250..37297	PMID:16207082	2005-10-10
SPCC1223.15c	spc19			4 amino acid extension at N-terminus	PMID:16079914	2005-09-09
SPBC15D4.02				trimmed N terminal 28.10.03; looked overextended as large low complexity region in front in zinc finger which is usually N-term; alignment looks better	pers. comm. Val Wood	2003-10-28
SPAC959.05c				extended N-terminal to first methionine	pers. comm. Val Wood	2003-09-14
SPAC29B12.08				new N-terminal exon	pers. comm. Aengus Stewart	2003-09-09
SPAC2F3.13c				annotated as SPAC2F3.13c putative tRNA-ribosyltransferase, but actually a gene merge. Split to create SPAC2F3.13c the tRNA-ribosyltransferase and new CDS SPAC2F3.17c was created from the C-terminal	pers. comm. Val Wood	2003-06-30
SPAC19B12.06c				added exon 18153..18218	pers. comm. Val Wood	2003-04-22
SPAC31G5.07				N terminal extended to use longest ORF in the absence of homology	pers. comm. Henar Valdivieso Montero	2003-01-08
SPAC29A4.14c				N-terminal extended	pers. comm. Val Wood	2002-09-11
SPAC22F3.03c	rdh54			4th exon extended by altering acceptor in intron 3 cosmid coordinates 34092-33923	pers. comm. Mike Catlett	2003-05-09
SPAC2F3.13c				split to create SPAC2F3.13c and SPAC2F3.12c	pers. comm. Val Wood	2002-06-30
SPAC2F3.12c				created from the C-terminal of SPAC2F3.13c	pers. comm. Val Wood	2002-06-30
SPBC1347.05c				new C-terminal exon	pers. comm. Val Wood	2002-10-11
SPAC23C11.10				found 3 additional C-terminal exons by eye	pers. comm. Val Wood	2002-06-18
SPAC1296.04				has 2 additional N-terminal exons	pers. comm. Val Wood	
SPBC1604.17c		(8945..8971, 9475..10455, 10528..10851)			pers. comm. Val Wood	2002-04-29
SPCC1442.13c		26947..27936		C terminal exon added; new exon extends G-patch domain	pers. comm. Val Wood	2002-04-15
SPBP23A10.04	apc2			coordinates updated additional in-frame splice at 5325, 5371	pers. comm. Hyun-Joo Yoon	2003-02-04
SPAC23C4.08	rho3			N-terminal exon removed	PMID:12653963	2003-03-31
SPAC16A10.04	rho4			N-terminal exon replaced	PMID:12653963	2003-03-31
SPBC6B1.09c	nbs1			additional intron 25664..25705, and exon extension 25974..25988	pers. comm. Charly Chahwan	2003-03-07
SPBC6B1.09c	nbs1			prediction extended by 4 N- terminal exons, this identified FHA domain	pers. comm. Val Wood	2002-04-22
SPCC320.13c	ark1			trimmed to 2nd Met	PMID:12676091	2003-01-08
SPAC11E3.03	pcs1			N terminal truncated, removed exon 9067..9103, truncated from 9149 to 9211 start	PMID:12689592	2003-04-13
SPAC19B12.05c				additional exon	pers. comm. Val Wood	2003-04-22
